ZCTA5_x,ZCTA5_y,visitor_flows_x
53508,53508,105
53508,53515,1
53508,53516,1
53508,53517,3
53508,53521,4
53508,53523,0
53508,53527,2
53508,53528,3
53508,53529,0
53508,53531,1
53508,53532,0
53508,53534,0
53508,53544,0
53508,53555,0
53508,53558,0
53508,53559,6
53508,53560,0
53508,53562,11
53508,53571,0
53508,53572,94
53508,53574,1
53508,53575,21
53508,53583,0
53508,53589,1
53508,53590,5
53508,53593,103
53508,53594,0
53508,53597,2
53508,53598,0
53508,53703,5
53508,53704,24
53508,53705,38
53508,53706,2
53508,53711,55
53508,53713,27
53508,53714,0
53508,53715,15
53508,53716,9
53508,53717,9
53508,53718,1
53508,53719,100
53508,53726,2
53508,53792,0
53508,53911,0
53508,53925,0
53515,53508,0
53515,53515,34
53515,53516,0
53515,53517,3
53515,53521,0
53515,53523,0
53515,53527,3
53515,53528,33
53515,53529,0
53515,53531,1
53515,53532,1
53515,53534,0
53515,53544,0
53515,53555,0
53515,53558,1
53515,53559,0
53515,53560,63
53515,53562,45
53515,53571,0
53515,53572,43
53515,53574,0
53515,53575,1
53515,53583,1
53515,53589,0
53515,53590,6
53515,53593,27
53515,53597,6
53515,53598,1
53515,53703,4
53515,53704,11
53515,53705,16
53515,53706,0
53515,53711,30
53515,53713,9
53515,53714,0
53515,53715,8
53515,53716,11
53515,53717,29
53515,53718,0
53515,53719,52
53515,53726,0
53515,53792,0
53515,53911,0
53516,53508,1
53516,53515,0
53516,53516,0
53516,53517,0
53516,53521,0
53516,53523,0
53516,53527,0
53516,53528,0
53516,53529,0
53516,53531,0
53516,53532,0
53516,53534,0
53516,53544,0
53516,53558,0
53516,53559,0
53516,53562,0
53516,53572,0
53516,53574,0
53516,53575,0
53516,53589,0
53516,53590,0
53516,53593,0
53516,53594,0
53516,53597,0
53516,53598,0
53516,53703,0
53516,53704,0
53516,53705,0
53516,53706,0
53516,53711,0
53516,53713,0
53516,53714,0
53516,53715,0
53516,53716,0
53516,53717,0
53516,53718,0
53516,53719,0
53516,53726,0
53516,53792,0
53516,53925,0
53517,53508,0
53517,53515,3
53517,53516,0
53517,53517,3
53517,53521,0
53517,53523,0
53517,53527,0
53517,53528,4
53517,53529,0
53517,53531,1
53517,53532,0
53517,53534,0
53517,53544,0
53517,53555,0
53517,53558,0
53517,53559,0
53517,53560,3
53517,53562,16
53517,53571,0
53517,53572,126
53517,53574,0
53517,53575,7
53517,53583,0
53517,53589,4
53517,53590,0
53517,53593,49
53517,53594,0
53517,53597,1
53517,53598,0
53517,53703,3
53517,53704,2
53517,53705,15
53517,53706,1
53517,53711,17
53517,53713,10
53517,53714,0
53517,53715,7
53517,53716,6
53517,53717,15
53517,53718,1
53517,53719,45
53517,53726,0
53517,53792,0
53517,53911,0
53517,53925,0
53521,53508,8
53521,53515,0
53521,53516,0
53521,53517,0
53521,53521,16
53521,53528,0
53521,53529,0
53521,53531,0
53521,53532,1
53521,53544,0
53521,53555,0
53521,53558,4
53521,53559,3
53521,53562,11
53521,53571,0
53521,53572,3
53521,53574,0
53521,53575,192
53521,53589,80
53521,53590,10
53521,53593,24
53521,53594,0
53521,53597,1
53521,53598,0
53521,53703,11
53521,53704,12
53521,53705,35
53521,53706,3
53521,53711,58
53521,53713,38
53521,53714,4
53521,53715,18
53521,53716,13
53521,53717,7
53521,53718,7
53521,53719,42
53521,53726,1
53521,53792,0
53521,53911,0
53521,53925,0
53523,53508,0
53523,53515,0
53523,53516,0
53523,53517,0
53523,53521,2
53523,53523,67
53523,53527,45
53523,53528,0
53523,53529,0
53523,53531,106
53523,53532,5
53523,53534,3
53523,53544,0
53523,53555,0
53523,53558,10
53523,53559,17
53523,53560,0
53523,53562,6
53523,53571,0
53523,53572,0
53523,53574,0
53523,53575,4
53523,53583,0
53523,53589,21
53523,53590,44
53523,53593,7
53523,53594,0
53523,53597,3
53523,53598,0
53523,53703,11
53523,53704,101
53523,53705,16
53523,53706,3
53523,53711,13
53523,53713,17
53523,53714,22
53523,53715,17
53523,53716,27
53523,53717,5
53523,53718,41
53523,53719,18
53523,53726,0
53523,53792,0
53523,53911,0
53523,53925,0
53527,53508,2
53527,53515,0
53527,53516,0
53527,53517,0
53527,53521,4
53527,53523,12
53527,53527,847
53527,53528,8
53527,53529,1
53527,53531,21
53527,53532,39
53527,53534,1
53527,53544,0
53527,53555,0
53527,53558,93
53527,53559,6
53527,53560,1
53527,53562,79
53527,53571,0
53527,53572,0
53527,53574,0
53527,53575,40
53527,53583,0
53527,53589,126
53527,53590,512
53527,53593,74
53527,53594,0
53527,53597,44
53527,53598,2
53527,53703,104
53527,53704,714
53527,53705,136
53527,53706,44
53527,53711,104
53527,53713,127
53527,53714,204
53527,53715,82
53527,53716,468
53527,53717,19
53527,53718,367
53527,53719,58
53527,53726,2
53527,53792,0
53527,53911,0
53527,53925,0
53528,53508,0
53528,53515,9
53528,53516,0
53528,53517,10
53528,53521,1
53528,53523,5
53528,53527,0
53528,53528,328
53528,53529,1
53528,53531,8
53528,53532,11
53528,53534,0
53528,53544,0
53528,53555,0
53528,53558,5
53528,53559,0
53528,53560,16
53528,53562,409
53528,53571,0
53528,53572,35
53528,53574,0
53528,53575,8
53528,53583,8
53528,53589,0
53528,53590,7
53528,53593,117
53528,53597,22
53528,53598,1
53528,53703,36
53528,53704,16
53528,53705,129
53528,53706,16
53528,53711,87
53528,53713,29
53528,53714,1
53528,53715,50
53528,53716,0
53528,53717,108
53528,53718,2
53528,53719,155
53528,53726,3
53528,53792,0
53528,53911,0
53529,53508,0
53529,53515,0
53529,53516,0
53529,53517,0
53529,53521,0
53529,53523,0
53529,53527,2
53529,53528,0
53529,53529,16
53529,53531,0
53529,53532,161
53529,53534,0
53529,53544,0
53529,53555,4
53529,53558,1
53529,53559,1
53529,53560,0
53529,53562,25
53529,53571,2
53529,53572,1
53529,53574,0
53529,53575,0
53529,53583,0
53529,53589,4
53529,53590,136
53529,53593,9
53529,53594,0
53529,53597,99
53529,53598,23
53529,53703,11
53529,53704,115
53529,53705,30
53529,53706,1
53529,53711,17
53529,53713,20
53529,53714,14
53529,53715,11
53529,53716,11
53529,53717,12
53529,53718,41
53529,53719,16
53529,53726,1
53529,53792,0
53529,53911,0
53529,53925,0
53531,53508,1
53531,53515,0
53531,53516,0
53531,53517,0
53531,53521,3
53531,53523,106
53531,53527,77
53531,53528,0
53531,53529,0
53531,53531,168
53531,53532,10
53531,53534,5
53531,53544,0
53531,53555,0
53531,53558,19
53531,53559,28
53531,53560,1
53531,53562,10
53531,53571,0
53531,53572,0
53531,53574,0
53531,53575,9
53531,53583,0
53531,53589,46
53531,53590,82
53531,53593,13
53531,53594,0
53531,53597,5
53531,53598,0
53531,53703,20
53531,53704,176
53531,53705,28
53531,53706,5
53531,53711,24
53531,53713,31
53531,53714,37
53531,53715,26
53531,53716,50
53531,53717,9
53531,53718,71
53531,53719,30
53531,53726,0
53531,53792,0
53531,53911,0
53531,53925,0
53532,53508,0
53532,53515,1
53532,53516,0
53532,53517,0
53532,53521,0
53532,53523,4
53532,53527,8
53532,53528,6
53532,53529,104
53532,53531,7
53532,53532,1678
53532,53534,0
53532,53544,0
53532,53555,26
53532,53558,6
53532,53559,8
53532,53560,2
53532,53562,84
53532,53571,16
53532,53572,0
53532,53574,0
53532,53575,18
53532,53583,0
53532,53589,9
53532,53590,911
53532,53593,38
53532,53594,0
53532,53597,298
53532,53598,152
53532,53703,125
53532,53704,903
53532,53705,145
53532,53706,25
53532,53711,104
53532,53713,88
53532,53714,139
53532,53715,88
53532,53716,67
53532,53717,33
53532,53718,270
53532,53719,67
53532,53726,8
53532,53792,0
53532,53911,0
53532,53925,0
53534,53508,0
53534,53515,0
53534,53516,0
53534,53517,0
53534,53521,6
53534,53523,10
53534,53527,8
53534,53528,0
53534,53529,0
53534,53531,16
53534,53532,0
53534,53534,19
53534,53544,0
53534,53555,0
53534,53558,7
53534,53559,0
53534,53560,0
53534,53562,14
53534,53571,0
53534,53572,0
53534,53574,0
53534,53575,16
53534,53583,0
53534,53589,125
53534,53590,6
53534,53593,7
53534,53594,0
53534,53597,3
53534,53598,0
53534,53703,6
53534,53704,26
53534,53705,14
53534,53706,6
53534,53711,7
53534,53713,6
53534,53714,4
53534,53715,7
53534,53716,9
53534,53717,11
53534,53718,9
53534,53719,17
53534,53726,0
53534,53792,0
53534,53911,0
53534,53925,0
53544,53508,0
53544,53515,0
53544,53516,0
53544,53517,0
53544,53521,0
53544,53523,0
53544,53527,0
53544,53528,0
53544,53529,0
53544,53531,0
53544,53532,0
53544,53534,0
53544,53544,0
53544,53558,0
53544,53559,0
53544,53562,0
53544,53572,0
53544,53574,0
53544,53575,0
53544,53589,0
53544,53590,0
53544,53593,0
53544,53594,0
53544,53597,0
53544,53598,0
53544,53703,0
53544,53704,0
53544,53705,0
53544,53706,0
53544,53711,0
53544,53713,0
53544,53714,0
53544,53715,0
53544,53716,0
53544,53717,0
53544,53718,0
53544,53719,0
53544,53726,0
53544,53792,0
53544,53925,0
53555,53508,0
53555,53515,0
53555,53516,0
53555,53517,0
53555,53521,0
53555,53523,0
53555,53527,0
53555,53528,1
53555,53529,4
53555,53531,0
53555,53532,41
53555,53534,0
53555,53544,0
53555,53555,1
53555,53558,0
53555,53559,0
53555,53560,0
53555,53562,2
53555,53571,0
53555,53572,2
53555,53574,0
53555,53575,0
53555,53583,0
53555,53589,0
53555,53590,31
53555,53593,2
53555,53594,0
53555,53597,18
53555,53598,6
53555,53703,0
53555,53704,26
53555,53705,5
53555,53706,0
53555,53711,1
53555,53713,4
53555,53714,2
53555,53715,3
53555,53716,2
53555,53717,3
53555,53718,10
53555,53719,5
53555,53726,0
53555,53792,0
53555,53911,0
53555,53925,0
53558,53508,0
53558,53515,0
53558,53516,0
53558,53517,1
53558,53521,7
53558,53523,6
53558,53527,21
53558,53528,4
53558,53529,0
53558,53531,11
53558,53532,8
53558,53534,0
53558,53544,0
53558,53555,0
53558,53558,1115
53558,53559,0
53558,53560,0
53558,53562,48
53558,53571,0
53558,53572,9
53558,53574,0
53558,53575,77
53558,53583,0
53558,53589,120
53558,53590,112
53558,53593,37
53558,53597,3
53558,53598,1
53558,53703,110
53558,53704,414
53558,53705,112
53558,53706,27
53558,53711,148
53558,53713,230
53558,53714,75
53558,53715,101
53558,53716,306
53558,53717,20
53558,53718,233
53558,53719,92
53558,53726,11
53558,53792,0
53558,53911,0
53558,53925,0
53559,53508,0
53559,53515,0
53559,53516,0
53559,53517,1
53559,53521,1
53559,53523,5
53559,53527,48
53559,53528,0
53559,53529,2
53559,53531,9
53559,53532,27
53559,53534,0
53559,53544,0
53559,53555,0
53559,53558,8
53559,53559,439
53559,53560,0
53559,53562,12
53559,53571,0
53559,53572,0
53559,53574,0
53559,53575,4
53559,53583,0
53559,53589,10
53559,53590,590
53559,53593,7
53559,53594,14
53559,53597,3
53559,53598,3
53559,53703,12
53559,53704,175
53559,53705,19
53559,53706,14
53559,53711,29
53559,53713,25
53559,53714,44
53559,53715,40
53559,53716,34
53559,53717,6
53559,53718,75
53559,53719,14
53559,53726,0
53559,53792,0
53559,53911,0
53559,53925,15
53560,53508,0
53560,53515,64
53560,53516,0
53560,53517,4
53560,53523,1
53560,53527,5
53560,53528,59
53560,53529,1
53560,53531,2
53560,53532,2
53560,53534,0
53560,53544,0
53560,53555,0
53560,53558,3
53560,53559,0
53560,53560,112
53560,53562,74
53560,53571,0
53560,53572,17
53560,53574,0
53560,53575,2
53560,53583,2
53560,53589,0
53560,53590,13
53560,53593,30
53560,53597,13
53560,53598,2
53560,53703,8
53560,53704,22
53560,53705,29
53560,53706,0
53560,53711,49
53560,53713,12
53560,53714,0
53560,53715,13
53560,53716,19
53560,53717,46
53560,53718,1
53560,53719,76
53560,53726,0
53560,53792,0
53560,53911,0
53562,53508,3
53562,53515,6
53562,53516,0
53562,53517,2
53562,53521,0
53562,53523,3
53562,53527,5
53562,53528,106
53562,53529,3
53562,53531,6
53562,53532,43
53562,53534,0
53562,53544,0
53562,53555,0
53562,53558,28
53562,53559,0
53562,53560,12
53562,53562,2356
53562,53571,0
53562,53572,12
53562,53574,0
53562,53575,32
53562,53583,4
53562,53589,18
53562,53590,70
53562,53593,494
53562,53597,203
53562,53598,4
53562,53703,222
53562,53704,265
53562,53705,727
53562,53706,37
53562,53711,521
53562,53713,149
53562,53714,34
53562,53715,194
53562,53716,50
53562,53717,728
53562,53718,41
53562,53719,835
53562,53726,13
53562,53792,0
53562,53911,0
53562,53925,0
53571,53508,0
53571,53515,0
53571,53516,0
53571,53517,0
53571,53521,0
53571,53523,0
53571,53527,0
53571,53528,0
53571,53529,2
53571,53531,0
53571,53532,26
53571,53534,0
53571,53544,0
53571,53555,0
53571,53558,0
53571,53559,0
53571,53560,0
53571,53562,1
53571,53571,0
53571,53572,0
53571,53574,0
53571,53575,0
53571,53583,0
53571,53589,0
53571,53590,19
53571,53593,0
53571,53594,0
53571,53597,10
53571,53598,3
53571,53703,0
53571,53704,14
53571,53705,3
53571,53706,0
53571,53711,0
53571,53713,1
53571,53714,1
53571,53715,1
53571,53716,1
53571,53717,0
53571,53718,5
53571,53719,1
53571,53726,0
53571,53792,0
53571,53911,0
53571,53925,0
53572,53508,40
53572,53515,9
53572,53516,0
53572,53517,20
53572,53521,4
53572,53523,0
53572,53527,7
53572,53528,38
53572,53529,0
53572,53531,1
53572,53532,6
53572,53534,0
53572,53544,0
53572,53555,0
53572,53558,2
53572,53559,2
53572,53560,11
53572,53562,170
53572,53571,0
53572,53572,1298
53572,53574,0
53572,53575,21
53572,53583,5
53572,53589,16
53572,53590,41
53572,53593,248
53572,53594,0
53572,53597,24
53572,53598,0
53572,53703,67
53572,53704,79
53572,53705,167
53572,53706,28
53572,53711,188
53572,53713,78
53572,53714,8
53572,53715,58
53572,53716,22
53572,53717,171
53572,53718,23
53572,53719,373
53572,53726,8
53572,53792,0
53572,53911,0
53572,53925,0
53574,53508,1
53574,53515,0
53574,53516,0
53574,53517,0
53574,53521,0
53574,53523,0
53574,53527,0
53574,53528,0
53574,53529,0
53574,53531,0
53574,53532,0
53574,53534,0
53574,53544,0
53574,53558,0
53574,53559,0
53574,53562,0
53574,53572,0
53574,53574,0
53574,53575,0
53574,53589,0
53574,53590,0
53574,53593,0
53574,53594,0
53574,53597,0
53574,53598,0
53574,53703,0
53574,53704,0
53574,53705,0
53574,53706,0
53574,53711,0
53574,53713,0
53574,53714,0
53574,53715,0
53574,53716,0
53574,53717,0
53574,53718,0
53574,53719,0
53574,53726,0
53574,53792,0
53574,53925,0
53575,53508,28
53575,53515,1
53575,53516,0
53575,53517,1
53575,53521,57
53575,53523,4
53575,53527,6
53575,53528,9
53575,53529,1
53575,53531,7
53575,53532,6
53575,53534,6
53575,53544,0
53575,53555,0
53575,53558,101
53575,53559,4
53575,53560,2
53575,53562,160
53575,53571,0
53575,53572,10
53575,53574,0
53575,53575,2081
53575,53583,1
53575,53589,318
53575,53590,51
53575,53593,282
53575,53594,0
53575,53597,16
53575,53598,3
53575,53703,135
53575,53704,192
53575,53705,293
53575,53706,21
53575,53711,499
53575,53713,372
53575,53714,65
53575,53715,125
53575,53716,126
53575,53717,107
53575,53718,84
53575,53719,559
53575,53726,4
53575,53792,0
53575,53911,0
53575,53925,0
53583,53508,1
53583,53515,4
53583,53516,0
53583,53517,0
53583,53523,0
53583,53527,0
53583,53528,18
53583,53529,0
53583,53531,0
53583,53532,0
53583,53534,0
53583,53544,0
53583,53555,0
53583,53558,5
53583,53559,0
53583,53560,7
53583,53562,25
53583,53571,0
53583,53572,24
53583,53574,0
53583,53575,8
53583,53583,6
53583,53589,0
53583,53590,0
53583,53593,11
53583,53597,10
53583,53598,0
53583,53703,0
53583,53704,2
53583,53705,11
53583,53706,0
53583,53711,8
53583,53713,2
53583,53714,0
53583,53715,9
53583,53716,0
53583,53717,15
53583,53718,2
53583,53719,22
53583,53726,0
53583,53792,0
53583,53911,0
53589,53508,8
53589,53515,0
53589,53516,0
53589,53517,0
53589,53521,85
53589,53523,16
53589,53527,92
53589,53528,3
53589,53529,2
53589,53531,31
53589,53532,21
53589,53534,20
53589,53544,0
53589,53555,0
53589,53558,183
53589,53559,2
53589,53560,1
53589,53562,58
53589,53571,0
53589,53572,5
53589,53574,0
53589,53575,332
53589,53583,0
53589,53589,2196
53589,53590,168
53589,53593,59
53589,53594,0
53589,53597,5
53589,53598,4
53589,53703,64
53589,53704,422
53589,53705,145
53589,53706,21
53589,53711,164
53589,53713,242
53589,53714,67
53589,53715,94
53589,53716,269
53589,53717,32
53589,53718,154
53589,53719,153
53589,53726,1
53589,53792,0
53589,53911,0
53589,53925,0
53590,53508,2
53590,53515,2
53590,53516,0
53590,53517,2
53590,53521,3
53590,53523,12
53590,53527,120
53590,53528,16
53590,53529,32
53590,53531,19
53590,53532,329
53590,53534,2
53590,53544,0
53590,53555,5
53590,53558,72
53590,53559,85
53590,53560,5
53590,53562,137
53590,53571,2
53590,53572,6
53590,53574,0
53590,53575,29
53590,53583,1
53590,53589,33
53590,53590,7299
53590,53593,78
53590,53594,1
53590,53597,250
53590,53598,48
53590,53703,330
53590,53704,2095
53590,53705,269
53590,53706,40
53590,53711,205
53590,53713,261
53590,53714,335
53590,53715,230
53590,53716,263
53590,53717,80
53590,53718,833
53590,53719,138
53590,53726,12
53590,53792,0
53590,53911,0
53590,53925,1
53593,53508,26
53593,53515,3
53593,53516,0
53593,53517,4
53593,53521,0
53593,53523,2
53593,53527,1
53593,53528,52
53593,53529,1
53593,53531,5
53593,53532,20
53593,53534,0
53593,53544,0
53593,53555,0
53593,53558,29
53593,53559,3
53593,53560,8
53593,53562,778
53593,53571,0
53593,53572,136
53593,53574,0
53593,53575,124
53593,53583,3
53593,53589,27
53593,53590,106
53593,53593,1501
53593,53594,0
53593,53597,61
53593,53598,2
53593,53703,132
53593,53704,144
53593,53705,606
53593,53706,25
53593,53711,817
53593,53713,204
53593,53714,15
53593,53715,190
53593,53716,56
53593,53717,553
53593,53718,38
53593,53719,1578
53593,53726,13
53593,53792,0
53593,53911,0
53593,53925,0
53594,53508,0
53594,53515,0
53594,53517,0
53594,53521,0
53594,53523,0
53594,53527,1
53594,53528,0
53594,53529,0
53594,53531,0
53594,53532,0
53594,53534,0
53594,53555,0
53594,53558,0
53594,53559,14
53594,53562,0
53594,53571,0
53594,53572,0
53594,53575,0
53594,53589,0
53594,53590,15
53594,53593,0
53594,53594,0
53594,53597,0
53594,53598,0
53594,53703,0
53594,53704,4
53594,53705,0
53594,53706,0
53594,53711,0
53594,53713,0
53594,53714,0
53594,53715,0
53594,53716,0
53594,53717,0
53594,53718,1
53594,53719,0
53594,53726,0
53594,53792,0
53594,53911,0
53594,53925,0
53597,53508,0
53597,53515,1
53597,53516,0
53597,53517,1
53597,53521,2
53597,53523,5
53597,53527,4
53597,53528,32
53597,53529,34
53597,53531,8
53597,53532,221
53597,53534,3
53597,53544,0
53597,53555,6
53597,53558,21
53597,53559,2
53597,53560,2
53597,53562,568
53597,53571,2
53597,53572,9
53597,53574,0
53597,53575,12
53597,53583,2
53597,53589,2
53597,53590,368
53597,53593,176
53597,53594,0
53597,53597,2775
53597,53598,41
53597,53703,147
53597,53704,645
53597,53705,362
53597,53706,38
53597,53711,227
53597,53713,55
53597,53714,69
53597,53715,127
53597,53716,53
53597,53717,233
53597,53718,145
53597,53719,341
53597,53726,10
53597,53792,0
53597,53911,0
53597,53925,0
53598,53508,0
53598,53515,0
53598,53516,0
53598,53517,0
53598,53521,0
53598,53523,0
53598,53527,3
53598,53528,2
53598,53529,23
53598,53531,1
53598,53532,236
53598,53534,0
53598,53544,0
53598,53555,6
53598,53558,1
53598,53559,2
53598,53560,0
53598,53562,25
53598,53571,3
53598,53572,0
53598,53574,0
53598,53575,2
53598,53583,0
53598,53589,7
53598,53590,195
53598,53593,11
53598,53594,0
53598,53597,106
53598,53598,34
53598,53703,20
53598,53704,164
53598,53705,43
53598,53706,2
53598,53711,27
53598,53713,32
53598,53714,23
53598,53715,17
53598,53716,17
53598,53717,14
53598,53718,60
53598,53719,21
53598,53726,1
53598,53792,0
53598,53911,0
53598,53925,0
53703,53508,0
53703,53521,0
53703,53523,5
53703,53527,8
53703,53528,0
53703,53529,0
53703,53531,8
53703,53532,6
53703,53534,0
53703,53555,0
53703,53558,13
53703,53559,3
53703,53562,49
53703,53571,0
53703,53572,1
53703,53575,12
53703,53589,17
53703,53590,62
53703,53593,38
53703,53594,0
53703,53597,10
53703,53598,0
53703,53703,3568
53703,53704,764
53703,53705,593
53703,53706,2940
53703,53711,391
53703,53713,216
53703,53714,68
53703,53715,2408
53703,53716,40
53703,53717,45
53703,53718,33
53703,53719,250
53703,53726,67
53703,53792,0
53703,53911,0
53703,53925,0
53704,53508,0
53704,53515,0
53704,53521,1
53704,53523,10
53704,53527,36
53704,53528,4
53704,53529,9
53704,53531,19
53704,53532,68
53704,53534,5
53704,53555,1
53704,53558,63
53704,53559,0
53704,53560,0
53704,53562,163
53704,53571,0
53704,53572,16
53704,53575,22
53704,53583,0
53704,53589,33
53704,53590,527
53704,53593,59
53704,53594,0
53704,53597,436
53704,53598,12
53704,53703,565
53704,53704,4300
53704,53705,318
53704,53706,97
53704,53711,273
53704,53713,249
53704,53714,691
53704,53715,273
53704,53716,372
53704,53717,77
53704,53718,178
53704,53719,165
53704,53726,10
53704,53792,0
53704,53911,0
53704,53925,0
53705,53508,2
53705,53515,0
53705,53516,0
53705,53517,1
53705,53523,0
53705,53527,5
53705,53528,0
53705,53529,0
53705,53531,0
53705,53532,1
53705,53534,0
53705,53544,0
53705,53555,0
53705,53558,5
53705,53559,0
53705,53560,0
53705,53562,154
53705,53571,0
53705,53572,20
53705,53574,0
53705,53575,14
53705,53583,0
53705,53589,13
53705,53590,41
53705,53593,47
53705,53597,18
53705,53598,1
53705,53703,206
53705,53704,86
53705,53705,1039
53705,53706,166
53705,53711,384
53705,53713,65
53705,53714,14
53705,53715,226
53705,53716,29
53705,53717,198
53705,53718,12
53705,53719,283
53705,53726,71
53705,53792,0
53705,53911,0
53706,53508,0
53706,53515,0
53706,53521,0
53706,53523,1
53706,53528,0
53706,53529,0
53706,53531,3
53706,53532,0
53706,53534,0
53706,53558,0
53706,53559,0
53706,53560,0
53706,53562,17
53706,53572,0
53706,53575,2
53706,53583,0
53706,53589,1
53706,53590,13
53706,53593,6
53706,53597,0
53706,53598,0
53706,53703,1265
53706,53704,84
53706,53705,253
53706,53706,2680
53706,53711,179
53706,53713,33
53706,53714,8
53706,53715,1369
53706,53716,5
53706,53717,28
53706,53718,4
53706,53719,61
53706,53726,35
53706,53792,0
53711,53508,6
53711,53515,1
53711,53516,0
53711,53517,3
53711,53521,4
53711,53523,6
53711,53527,11
53711,53528,35
53711,53529,1
53711,53531,10
53711,53532,8
53711,53534,0
53711,53544,0
53711,53555,0
53711,53558,87
53711,53559,1
53711,53560,2
53711,53562,266
53711,53571,0
53711,53572,26
53711,53574,0
53711,53575,167
53711,53583,1
53711,53589,64
53711,53590,112
53711,53593,382
53711,53594,0
53711,53597,27
53711,53598,4
53711,53703,380
53711,53704,421
53711,53705,1170
53711,53706,242
53711,53711,2397
53711,53713,757
53711,53714,77
53711,53715,638
53711,53716,128
53711,53717,399
53711,53718,102
53711,53719,1424
53711,53726,104
53711,53792,0
53711,53911,0
53711,53925,0
53713,53508,2
53713,53515,0
53713,53516,0
53713,53517,0
53713,53521,1
53713,53523,1
53713,53527,11
53713,53528,20
53713,53529,1
53713,53531,3
53713,53532,16
53713,53534,3
53713,53544,0
53713,53555,0
53713,53558,53
53713,53559,0
53713,53560,0
53713,53562,131
53713,53571,0
53713,53572,8
53713,53574,0
53713,53575,28
53713,53583,1
53713,53589,22
53713,53590,92
53713,53593,100
53713,53597,12
53713,53598,3
53713,53703,167
53713,53704,455
53713,53705,303
53713,53706,48
53713,53711,826
53713,53713,1397
53713,53714,147
53713,53715,229
53713,53716,330
53713,53717,129
53713,53718,106
53713,53719,435
53713,53726,25
53713,53792,0
53713,53911,0
53713,53925,0
53714,53508,0
53714,53515,0
53714,53521,1
53714,53523,0
53714,53527,6
53714,53528,3
53714,53529,0
53714,53531,0
53714,53532,20
53714,53534,0
53714,53555,0
53714,53558,15
53714,53559,4
53714,53562,21
53714,53571,0
53714,53572,0
53714,53575,12
53714,53589,6
53714,53590,189
53714,53593,7
53714,53594,0
53714,53597,18
53714,53598,4
53714,53703,143
53714,53704,1071
53714,53705,89
53714,53706,14
53714,53711,69
53714,53713,132
53714,53714,641
53714,53715,102
53714,53716,399
53714,53717,26
53714,53718,119
53714,53719,85
53714,53726,0
53714,53792,0
53714,53911,0
53714,53925,0
53715,53508,0
53715,53515,2
53715,53521,1
53715,53523,3
53715,53528,3
53715,53529,0
53715,53531,6
53715,53532,1
53715,53534,0
53715,53555,0
53715,53558,18
53715,53559,2
53715,53560,4
53715,53562,41
53715,53571,0
53715,53572,3
53715,53575,6
53715,53583,0
53715,53589,5
53715,53590,23
53715,53593,21
53715,53594,0
53715,53597,2
53715,53598,0
53715,53703,1258
53715,53704,178
53715,53705,410
53715,53706,1689
53715,53711,395
53715,53713,143
53715,53714,32
53715,53715,1896
53715,53716,16
53715,53717,40
53715,53718,17
53715,53719,157
53715,53726,66
53715,53792,0
53715,53911,0
53715,53925,0
53716,53508,0
53716,53515,3
53716,53516,0
53716,53517,0
53716,53521,0
53716,53523,3
53716,53527,73
53716,53528,0
53716,53529,3
53716,53531,6
53716,53532,15
53716,53534,0
53716,53544,0
53716,53555,0
53716,53558,93
53716,53559,6
53716,53560,7
53716,53562,35
53716,53571,0
53716,53572,14
53716,53574,0
53716,53575,7
53716,53583,0
53716,53589,41
53716,53590,117
53716,53593,30
53716,53594,0
53716,53597,25
53716,53598,5
53716,53703,175
53716,53704,606
53716,53705,105
53716,53706,24
53716,53711,122
53716,53713,258
53716,53714,283
53716,53715,57
53716,53716,1035
53716,53717,33
53716,53718,230
53716,53719,109
53716,53726,6
53716,53792,0
53716,53911,0
53716,53925,0
53717,53508,1
53717,53515,4
53717,53516,0
53717,53517,1
53717,53521,0
53717,53523,2
53717,53527,4
53717,53528,22
53717,53529,2
53717,53531,4
53717,53532,15
53717,53534,0
53717,53544,0
53717,53555,0
53717,53558,10
53717,53559,0
53717,53560,8
53717,53562,495
53717,53571,0
53717,53572,5
53717,53574,0
53717,53575,20
53717,53583,3
53717,53589,4
53717,53590,19
53717,53593,158
53717,53597,34
53717,53598,3
53717,53703,93
53717,53704,115
53717,53705,405
53717,53706,34
53717,53711,333
53717,53713,72
53717,53714,24
53717,53715,93
53717,53716,40
53717,53717,544
53717,53718,16
53717,53719,469
53717,53726,12
53717,53792,0
53717,53911,0
53717,53925,0
53718,53508,1
53718,53515,1
53718,53516,0
53718,53517,0
53718,53521,7
53718,53523,15
53718,53527,96
53718,53528,0
53718,53529,5
53718,53531,25
53718,53532,59
53718,53534,1
53718,53544,0
53718,53555,1
53718,53558,276
53718,53559,4
53718,53560,3
53718,53562,54
53718,53571,0
53718,53572,11
53718,53574,0
53718,53575,24
53718,53583,0
53718,53589,63
53718,53590,681
53718,53593,34
53718,53594,0
53718,53597,43
53718,53598,9
53718,53703,165
53718,53704,923
53718,53705,158
53718,53706,47
53718,53711,126
53718,53713,152
53718,53714,252
53718,53715,102
53718,53716,421
53718,53717,27
53718,53718,523
53718,53719,71
53718,53726,6
53718,53792,0
53718,53911,0
53718,53925,0
53719,53508,7
53719,53515,1
53719,53516,0
53719,53517,2
53719,53521,2
53719,53523,5
53719,53527,17
53719,53528,24
53719,53529,0
53719,53531,8
53719,53532,3
53719,53534,0
53719,53544,0
53719,53555,0
53719,53558,24
53719,53559,0
53719,53560,2
53719,53562,384
53719,53571,0
53719,53572,18
53719,53574,0
53719,53575,136
53719,53583,2
53719,53589,28
53719,53590,81
53719,53593,705
53719,53597,25
53719,53598,1
53719,53703,223
53719,53704,212
53719,53705,772
53719,53706,78
53719,53711,1159
53719,53713,367
53719,53714,58
53719,53715,220
53719,53716,70
53719,53717,561
53719,53718,55
53719,53719,1797
53719,53726,13
53719,53792,0
53719,53911,0
53719,53925,0
53726,53508,0
53726,53516,0
53726,53517,0
53726,53521,0
53726,53527,4
53726,53528,1
53726,53529,0
53726,53532,0
53726,53544,0
53726,53558,0
53726,53562,28
53726,53572,0
53726,53574,0
53726,53575,0
53726,53589,2
53726,53590,6
53726,53593,13
53726,53597,0
53726,53598,0
53726,53703,142
53726,53704,25
53726,53705,214
53726,53706,242
53726,53711,117
53726,53713,33
53726,53714,10
53726,53715,301
53726,53716,8
53726,53717,14
53726,53718,2
53726,53719,43
53726,53726,53
53726,53792,0
53792,53508,0
53792,53516,0
53792,53517,0
53792,53528,0
53792,53529,0
53792,53532,0
53792,53544,0
53792,53558,0
53792,53562,0
53792,53572,0
53792,53574,0
53792,53575,0
53792,53589,0
53792,53590,0
53792,53593,0
53792,53597,0
53792,53598,0
53792,53703,0
53792,53704,0
53792,53705,0
53792,53706,0
53792,53711,0
53792,53714,0
53792,53715,0
53792,53716,0
53792,53717,0
53792,53718,0
53792,53719,0
53792,53726,0
53792,53792,0
53911,53508,0
53911,53515,0
53911,53516,0
53911,53517,0
53911,53521,0
53911,53523,0
53911,53527,0
53911,53528,0
53911,53529,0
53911,53531,0
53911,53532,1
53911,53534,0
53911,53544,0
53911,53555,0
53911,53558,0
53911,53559,0
53911,53560,0
53911,53562,0
53911,53571,0
53911,53572,0
53911,53574,0
53911,53575,0
53911,53583,0
53911,53589,0
53911,53590,0
53911,53593,0
53911,53594,0
53911,53597,0
53911,53598,0
53911,53703,0
53911,53704,1
53911,53705,0
53911,53706,0
53911,53711,0
53911,53713,0
53911,53714,0
53911,53715,0
53911,53716,0
53911,53717,0
53911,53718,0
53911,53719,0
53911,53726,0
53911,53792,0
53911,53911,0
53911,53925,0
53925,53508,0
53925,53515,0
53925,53517,0
53925,53521,0
53925,53523,0
53925,53527,1
53925,53528,0
53925,53529,0
53925,53531,0
53925,53532,0
53925,53534,0
53925,53555,0
53925,53558,0
53925,53559,16
53925,53562,0
53925,53571,0
53925,53572,0
53925,53575,0
53925,53589,0
53925,53590,27
53925,53593,0
53925,53594,0
53925,53597,0
53925,53598,0
53925,53703,0
53925,53704,7
53925,53705,0
53925,53706,0
53925,53711,0
53925,53713,0
53925,53714,0
53925,53715,0
53925,53716,0
53925,53717,0
53925,53718,2
53925,53719,0
53925,53726,0
53925,53792,0
53925,53911,0
53925,53925,0
